City_ID,City,Lat,Lng,Max Temp,Humidity,Cloudiness,Wind Speed,Country,Date
0,port mathurin,-19.6833,63.4167,22.5,57,84,7.32,MU,1691542864
1,mili,6.0815,171.735,28.16,79,96,6.51,MH,1691543283
2,amarkantak,22.6667,81.75,19.63,86,100,1.41,IN,1691543283
3,nagireddipalli,14.2667,79.1,27.16,67,100,2.01,IN,1691543283
4,west island,-12.1568,96.8225,24.99,83,40,5.66,CC,1691542603
5,rongelap,11.1635,166.8941,28.44,77,100,5.56,MH,1691542889
6,la passe,45.5549,-0.8967,15.55,63,0,3.02,FR,1691542915
7,grytviken,-54.2811,-36.5092,-2.83,82,23,4.34,GS,1691542581
8,arkhangel'sk,64.5401,40.5433,12.57,96,6,2.31,RU,1691542934
9,adamstown,-25.066,-130.1015,22.33,86,100,15.14,PN,1691542875
10,blackmans bay,-43.0167,147.3167,10.41,66,100,3.57,AU,1691542878
11,vadso,70.0744,29.7487,19.49,82,0,1.54,NO,1691542933
12,kenai,60.5544,-151.2583,19.05,68,75,3.6,US,1691542975
13,bredasdorp,-34.5322,20.0403,9.06,90,0,2.38,ZA,1691542907
14,nanlong,31.3533,106.0631,28.78,79,4,1.92,CN,1691543285
15,olonkinbyen,70.9221,-8.7187,4.62,93,100,9.58,SJ,1691542871
16,lihue,21.9789,-159.3672,27.98,72,6,7.66,US,1691542855
17,hawaiian paradise park,19.5933,-154.9731,27.72,83,96,5.88,US,1691542882
18,itaituba,-4.2761,-55.9836,27.27,57,7,0.13,BR,1691543285
19,puerto natales,-51.7236,-72.4875,1.54,98,99,1.68,CL,1691542884
20,selfoss,63.9331,-20.9971,10.02,80,12,2.51,IS,1691543286
21,longyearbyen,78.2186,15.6401,7.91,81,0,2.57,SJ,1691542880
22,st. john's,47.5649,-52.7093,13.71,89,100,3.6,CA,1691542812
23,timaru,-44.4,171.25,9.48,43,100,1.34,NZ,1691543286
24,albany,42.6001,-73.9662,20.65,82,100,3.13,US,1691542762
25,westport,41.1415,-73.3579,23.38,71,0,7.2,US,1691543275
26,nemuro,43.3236,145.575,18.91,100,100,6.53,JP,1691542944
27,kapa'a,22.0752,-159.319,35.99,75,75,9.26,US,1691543287
28,la ronge,55.1001,-105.2842,17.14,59,75,3.09,CA,1691542989
29,arauca,7.0847,-70.7591,25.28,87,7,0.63,CO,1691543287
30,sao joao da barra,-21.6403,-41.0511,22.05,87,14,6.45,BR,1691542961
31,okha,53.5739,142.9478,15.86,83,78,6.26,RU,1691543213
32,callao,-12.0667,-77.15,21.16,73,20,5.66,PE,1691543288
33,ebon,4.582,168.6964,27.25,75,99,1.57,MH,1691543288
34,thompson,55.7435,-97.8558,13.09,76,100,5.66,CA,1691542934
35,cedar city,37.6775,-113.0619,28.55,15,0,5.66,US,1691543046
36,khark,29.2614,50.3306,34.69,54,66,2.22,IR,1691543288
37,adrar,20.5022,-10.0711,34.4,20,80,6.98,MR,1691543288
38,iqaluit,63.7506,-68.5145,4.85,86,40,3.6,CA,1691542878
39,wabag,-5.4781,143.7021,21.37,53,20,1.42,PG,1691543289
40,port-aux-francais,-49.35,70.2167,1.57,71,60,7.92,TF,1691542875
41,fraserburgh,57.6874,-2.0184,11.73,74,4,11.43,GB,1691543289
42,bhinmal,25.0,72.25,26.37,82,100,6.62,IN,1691543289
43,atafu village,-8.5421,-172.5159,28.45,74,97,5.93,TK,1691542927
44,neubrandenburg,53.5667,13.2667,10.93,92,84,6.3,DE,1691543289
45,alice springs,-23.7,133.8833,20.75,30,0,3.6,AU,1691542945
46,waitangi,-43.9535,-176.5597,8.79,88,100,1.79,NZ,1691542783
47,dunedin,-45.8742,170.5036,5.45,81,100,6.26,NZ,1691542959
48,edinburgh of the seven seas,-37.0676,-12.3116,11.58,85,100,11.42,SH,1691542790
49,haskovo,41.9403,25.5694,15.12,63,1,1.99,BG,1691543290
50,tsetserleg,47.475,101.4542,18.35,58,100,1.71,MN,1691543290
51,mount isa,-20.7333,139.5,23.87,33,10,6.17,AU,1691542845
52,san patricio,28.017,-97.5169,32.97,66,0,7.26,US,1691542612
53,wailua homesteads,22.0669,-159.378,27.29,72,35,4.02,US,1691542800
54,solnechnyy,50.7214,136.6319,18.16,62,93,3.46,RU,1691543291
55,aleg,17.0481,-13.9209,29.85,46,1,6.47,MR,1691543291
56,purpe,64.4803,76.6897,13.2,79,100,6.69,RU,1691543291
57,dorado,18.4588,-66.2677,27.94,98,100,3.85,PR,1691543291
58,hermanus,-34.4187,19.2345,11.56,86,0,5.1,ZA,1691542861
59,kapuskasing,49.4169,-82.4331,23.05,68,40,1.54,CA,1691542779
60,yatou,37.15,122.3833,28.56,70,0,4.49,CN,1691543119
61,sanya,18.2431,109.505,29.8,75,95,5.45,CN,1691543292
62,ushuaia,-54.8,-68.3,1.81,80,0,1.03,AR,1691542717
63,iraquara,-12.2486,-41.6194,17.31,90,0,1.08,BR,1691543292
64,tiksi,71.6872,128.8694,17.65,46,7,1.58,RU,1691542878
65,irbit,57.6705,63.071,15.13,77,7,1.89,RU,1691543292
66,margaret river,-33.95,115.0667,13.35,57,18,1.83,AU,1691542870
67,hailar,49.2,119.7,17.72,68,9,2.67,CN,1691543293
68,shilin,24.8188,103.3324,19.52,88,100,0.42,CN,1691543293
69,sambava,-14.2667,50.1667,19.94,90,20,3.41,MG,1691542962
70,timimoun,29.2639,0.231,33.32,14,0,5.59,DZ,1691543293
71,yellowknife,62.456,-114.3525,22.29,40,20,6.17,CA,1691542874
72,soe,-9.8607,124.284,22.16,55,78,3.91,ID,1691543217
73,minas de marcona,-15.2119,-75.1103,16.85,67,0,0.82,PE,1691542855
74,namtsy,62.7161,129.6658,21.25,43,10,3.04,RU,1691542877
75,armagh,54.35,-6.6667,13.75,94,10,0.97,GB,1691543294
76,ribeira grande,38.5167,-28.7,24.32,94,100,8.49,PT,1691542592
77,susuman,62.7833,148.1667,11.55,46,100,0.73,RU,1691542858
78,harstad,68.799,16.5293,22.66,82,100,1.56,NO,1691542972
79,georgetown,5.4112,100.3354,28.3,88,20,1.54,MY,1691542898
80,aasiaat,68.7098,-52.8699,2.41,74,100,1.12,GL,1691542874
81,novodvinsk,64.4165,40.8122,12.3,96,6,2.17,RU,1691543294
82,masterton,-40.9597,175.6575,10.75,56,24,0.95,NZ,1691542864
83,dakhla,23.6848,-15.958,20.29,92,0,6.21,EH,1691542938
84,puerto ayora,-0.7393,-90.3518,24.19,88,79,2.68,EC,1691542880
85,yaren,-0.5472,166.916,27.91,75,100,3.3,NR,1691543295
86,morehead city,34.7229,-76.726,29.43,76,0,3.6,US,1691543295
87,bethel,41.3712,-73.414,22.49,75,67,0.45,US,1691542882
88,vorgashor,67.5833,63.95,8.81,70,100,3.58,RU,1691542935
89,manado,1.487,124.8455,31.43,58,20,2.57,ID,1691543295
90,moab,38.5733,-109.5498,34.03,9,9,8.78,US,1691543295
91,vila franca do campo,37.7167,-25.4333,23.23,89,93,4.27,PT,1691542926
92,geraldton,-28.7667,114.6,14.23,88,100,5.66,AU,1691542907
93,arraial do cabo,-22.9661,-42.0278,20.84,86,100,8.61,BR,1691542723
94,ancud,-41.8697,-73.8203,10.08,98,100,5.77,CL,1691542959
95,iskateley,67.6803,53.1512,10.91,71,28,1.56,RU,1691542934
96,argo,37.6333,22.7333,26.55,66,57,2.3,GR,1691543296
97,punta arenas,-53.15,-70.9167,1.05,87,46,3.01,CL,1691542914
98,petropavlovsk-kamchatsky,53.0452,158.6483,19.33,56,75,3.0,RU,1691542881
99,burutu,5.3509,5.5076,24.83,86,29,2.79,NG,1691543296
100,xinyuan,37.3,99.0,14.49,65,88,0.57,CN,1691542996
101,flin flon,54.7682,-101.865,13.72,66,97,3.55,CA,1691543297
102,praia da vitoria,38.7333,-27.0667,25.14,78,40,8.03,PT,1691542865
103,uturoa,-16.7333,-151.4333,25.46,82,100,5.64,PF,1691542940
104,flying fish cove,-10.4217,105.6791,24.82,83,75,7.2,CX,1691542914
105,armacao de buzios,-22.7469,-41.8817,22.03,93,100,2.01,BR,1691543042
106,keflavik,64.0049,-22.5624,11.24,93,0,4.63,IS,1691542981
107,lorengau,-2.0226,147.2712,27.91,80,50,7.85,PG,1691543297
108,isafjordur,66.0755,-23.124,10.03,62,13,1.67,IS,1691542875
109,new plymouth,-39.0667,174.0833,11.6,69,27,5.84,NZ,1691543298
110,mount gambier,-37.8333,140.7667,13.13,53,2,6.4,AU,1691542976
111,touros,-5.1989,-35.4608,24.51,82,100,4.98,BR,1691542917
112,walvis bay,-22.9575,14.5053,13.53,88,100,2.06,NA,1691542909
113,yeniseysk,58.4497,92.1703,16.04,89,14,0.31,RU,1691543298
114,enewetak,11.3474,162.3373,28.68,77,70,6.73,MH,1691542887
115,coquimbo,-29.9533,-71.3436,14.85,82,0,3.09,CL,1691542911
116,viedma,-40.8135,-62.9967,11.41,41,75,8.53,AR,1691542881
117,anadyr,64.75,177.4833,10.28,93,75,7.0,RU,1691542906
118,sorong,-0.8833,131.25,27.0,75,20,6.97,ID,1691543299
119,ikongo,-21.8833,47.4333,16.03,98,98,0.77,MG,1691543299
120,utrik,11.2278,169.8474,28.41,77,96,5.15,MH,1691542781
121,akko,32.9236,35.0728,26.66,64,19,1.6,IL,1691543299
122,aral,40.5156,81.2636,27.36,31,0,2.35,CN,1691542953
123,playas,-2.6333,-80.3833,23.17,83,100,4.8,EC,1691543159
124,new norfolk,-42.7826,147.0587,11.07,55,100,1.87,AU,1691542921
125,oriximina,-1.7656,-55.8661,28.24,57,59,1.09,BR,1691542975
126,sinabang,2.4803,96.3801,26.12,82,100,0.66,ID,1691542876
127,kingston,17.997,-76.7936,30.53,84,40,7.72,JM,1691542806
128,wanning,18.8003,110.3967,30.63,66,100,5.46,CN,1691543300
129,magadan,59.5667,150.8,17.52,53,48,1.79,RU,1691543268
130,turpan,42.9333,89.1667,32.35,30,0,2.07,CN,1691542998
131,port douglas,-16.4833,145.4667,22.92,69,27,7.42,AU,1691543301
132,naze,28.3667,129.4833,25.51,87,100,11.38,JP,1691542960
133,kone,-21.0595,164.8658,23.01,43,14,4.95,NC,1691542901
134,kodiak,57.79,-152.4072,13.63,90,100,2.55,US,1691542932
135,invercargill,-46.4,168.35,7.79,68,84,4.02,NZ,1691542902
136,panacan,9.2463,118.4082,28.74,73,72,1.47,PH,1691543301
137,saint-tropez,43.2693,6.6398,18.33,75,88,1.2,FR,1691543301
138,hamilton,39.1834,-84.5333,25.43,69,87,0.89,US,1691542791
139,namibe,-15.1961,12.1522,17.27,88,4,2.72,AO,1691543302
140,port blair,11.6667,92.75,28.02,83,40,5.14,IN,1691542901
141,haiku-pauwela,20.9219,-156.3051,30.28,56,20,11.32,US,1691542630
142,mulayjah,27.271,48.4242,34.02,15,0,3.1,SA,1691543302
143,lebu,-37.6167,-73.65,12.18,74,100,4.67,CL,1691542820
144,tazovsky,67.4667,78.7,7.22,95,100,7.1,RU,1691542811
145,xining,36.6167,101.7667,21.02,65,93,1.18,CN,1691543302
146,antsiranana,-12.2787,49.2917,21.42,83,4,5.14,MG,1691543302
147,east london,-33.0153,27.9116,16.52,82,100,2.48,ZA,1691542835
148,college,64.8569,-147.8028,18.66,87,100,0.0,US,1691542801
149,saint-philippe,-21.3585,55.7679,19.77,81,46,4.22,RE,1691542920
150,rio grande,-32.035,-52.0986,14.06,75,100,6.23,BR,1691542857
151,urangan,-25.3,152.9,20.19,56,6,6.7,AU,1691543303
152,lloydminster,53.2835,-110.0016,20.24,38,100,1.04,CA,1691543303
153,pitogo,13.7847,122.0881,29.75,73,10,5.17,PH,1691543303
154,littlefield,33.9173,-102.3249,31.78,29,100,4.45,US,1691543303
155,ntungamo,-0.8833,29.65,19.64,77,97,0.97,UG,1691543304
156,katsuura,35.1333,140.3,27.49,89,99,6.54,JP,1691542987
157,puerto baquerizo moreno,-0.9,-89.6,23.47,78,100,4.96,EC,1691542631
158,avarua,-21.2078,-159.775,24.03,64,40,5.14,CK,1691542857
159,whitehorse,60.7161,-135.0538,16.43,72,75,2.06,CA,1691542870
160,fredericton,45.9454,-66.6656,17.58,96,100,3.6,CA,1691543079
161,kiunga,-6.1219,141.2906,27.26,64,84,2.32,PG,1691543304
162,staranzano,45.8072,13.5033,18.75,85,100,2.06,IT,1691543304
163,jakar,27.5492,90.7525,16.55,98,100,0.21,BT,1691543304
164,chonchi,-42.6128,-73.8092,9.56,99,100,2.08,CL,1691542915
165,leninskoye,41.7589,69.3864,23.71,34,0,1.48,KZ,1691543305
166,udachny,66.4167,112.4,20.25,52,6,6.18,RU,1691542909
167,polyarnyy,69.1989,33.4478,15.49,80,0,4.8,RU,1691543305
168,lompoc,34.6391,-120.4579,22.66,80,100,3.13,US,1691542876
169,konakovo,56.7,36.7667,17.05,88,99,1.41,RU,1691543305
170,weno,7.4515,151.8468,27.28,83,100,6.01,FM,1691542679
171,ayr,55.4627,-4.6339,10.73,86,67,2.23,GB,1691543306
172,kendari,-3.945,122.4989,27.64,69,18,0.86,ID,1691543306
173,ta`u,-14.2336,-169.5144,27.46,69,100,3.9,AS,1691542847
174,merizo village,13.2658,144.6691,30.85,86,43,4.63,GU,1691543288
175,gulnar,36.3415,33.3992,19.43,61,0,0.23,TR,1691543306
176,inari,68.906,27.0288,18.11,95,0,1.16,FI,1691543306
177,susanville,40.4163,-120.653,28.91,23,0,8.23,US,1691543307
178,muntok,-2.0667,105.1833,26.74,77,2,4.63,ID,1691543307
179,ondjiva,-17.0667,15.7333,15.67,33,8,2.73,AO,1691543307
180,island harbour,50.724,-1.2758,17.18,93,100,1.34,GB,1691543307
181,ulladulla,-35.35,150.4667,18.28,46,0,2.8,AU,1691542958
182,guantanamo,20.1444,-75.2092,30.76,74,16,2.98,CU,1691543307
183,al fallujah,33.3538,43.7795,33.94,27,0,6.22,IQ,1691543307
184,santarem,-2.4431,-54.7083,27.07,94,20,0.51,BR,1691543293
185,mirnyy,62.5353,113.9611,20.13,49,0,3.13,RU,1691542908
186,faya-largeau,17.9257,19.1043,29.45,56,100,7.62,TD,1691542939
187,darwin,-12.4611,130.8418,27.16,48,0,6.17,AU,1691542812
188,usinsk,65.9939,57.5281,11.03,78,86,2.77,RU,1691542955
189,badger,64.8,-147.5333,18.62,85,100,0.0,US,1691542909
190,quellon,-43.1167,-73.6167,10.14,93,100,2.06,CL,1691543308
191,hatillo,18.4863,-66.8254,27.81,95,98,5.24,PR,1691543308
192,standerton,-26.9337,29.2415,6.44,47,43,2.22,ZA,1691543309
193,bilibino,68.0546,166.4372,5.45,68,100,2.87,RU,1691542873
194,talnakh,69.4865,88.3972,18.45,56,100,0.63,RU,1691542910
195,vilyuchinsk,52.9306,158.4028,20.7,55,66,1.5,RU,1691543309
196,tadine,-21.55,167.8833,20.81,50,14,5.24,NC,1691543309
197,carnarvon,-24.8667,113.6333,19.44,69,5,6.25,AU,1691542988
198,kargasok,59.0556,80.8572,15.37,74,69,3.08,RU,1691543310
199,castillos,-34.1667,-53.8333,10.15,80,97,3.18,UY,1691543310
200,caleta de carquin,-11.0925,-77.6267,19.25,81,36,5.01,PE,1691543310
201,karratha,-20.7377,116.8463,24.38,32,0,4.1,AU,1691543310
202,salekhard,66.53,66.6019,12.84,70,100,1.1,RU,1691542751
203,stanley,54.868,-1.6985,10.71,82,0,3.09,GB,1691542880
204,markovo,57.3206,107.0881,23.0,60,56,1.14,RU,1691543205
205,penzance,50.1186,-5.5371,16.38,97,100,4.9,GB,1691543311
206,grand falls-windsor,48.9332,-55.6649,11.95,87,100,1.44,CA,1691542969
207,monrovia,6.3005,-10.7969,24.87,90,88,6.05,LR,1691542901
208,cabedelo,-6.9811,-34.8339,24.37,90,80,2.92,BR,1691542856
209,kolonia town,6.964,158.206,28.06,83,100,6.17,FM,1691543312
210,greymouth,-42.4667,171.2,9.94,62,33,1.59,NZ,1691543165
211,mahina,-17.5065,-149.489,25.87,83,75,8.75,PF,1691542961
212,hammerfest,70.6634,23.6821,24.25,69,1,3.6,NO,1691543312
213,okakarara,-20.5833,17.4333,16.01,35,91,2.81,NA,1691543312
214,frontera,26.9333,-101.45,38.27,24,0,2.68,MX,1691543313
215,mount horeb,43.0086,-89.7385,25.01,66,80,0.45,US,1691543310
216,gorontalo,0.5412,123.0595,29.55,64,66,3.92,ID,1691543313
217,ilulissat,69.2167,-51.1,3.89,64,100,0.47,GL,1691542621
218,hasaki,35.7333,140.8333,30.22,91,100,6.11,JP,1691542877
219,forbes,-33.3833,148.0167,19.95,48,7,2.91,AU,1691543313
220,carora,10.1755,-70.0827,28.46,61,17,4.15,VE,1691543313
221,papatowai,-46.5619,169.4708,5.4,73,100,6.82,NZ,1691542874
222,nadym,65.5333,72.5167,10.71,69,100,9.79,RU,1691543314
223,coahuayana de hidalgo,18.7,-103.6583,29.44,82,42,1.82,MX,1691543314
224,indramayu,-6.3264,108.32,26.6,63,1,4.65,ID,1691543315
225,vorotynsk,54.4283,36.0465,12.4,84,3,2.62,RU,1691543315
226,shalqar,47.8333,59.6,25.57,46,69,5.4,KZ,1691543315
227,pisco,-13.7,-76.2167,20.03,77,0,6.17,PE,1691542954
228,port lincoln,-34.7333,135.8667,16.47,46,0,10.74,AU,1691542939
229,byron bay,-28.65,153.6167,19.28,66,6,5.02,AU,1691542934
230,rawson,-43.3002,-65.1023,14.26,36,100,3.71,AR,1691543316
231,pankrushikha,53.8319,80.3406,19.03,54,67,1.98,RU,1691543316
232,pelotas,-31.7719,-52.3425,13.81,85,100,3.13,BR,1691543316
233,port elizabeth,-33.918,25.5701,14.16,94,40,1.54,ZA,1691542817
234,tual,-5.6667,132.75,25.49,81,33,9.05,ID,1691543316
235,sogel,52.85,7.5167,13.24,94,1,2.57,DE,1691543316
236,chegdomyn,51.1167,133.0167,23.25,44,100,0.99,RU,1691543317
237,coronel dorrego,-38.7187,-61.2873,7.64,53,6,6.36,AR,1691543317
238,port alfred,-33.5906,26.891,14.54,97,100,4.6,ZA,1691542899
239,colatina,-19.5394,-40.6306,21.16,83,0,0.84,BR,1691543317
240,nueva gerona,21.8833,-82.8,30.52,68,38,0.78,CU,1691543317
241,saipan,15.1355,145.701,29.8,100,61,1.34,MP,1691542878
242,brookings,44.3114,-96.7984,24.0,68,0,2.06,US,1691542884
243,tera,14.0078,0.7531,27.74,70,55,3.49,NE,1691543317
244,severobaykal'sk,55.65,109.3167,18.17,61,99,1.04,RU,1691542969
245,afaahiti,-17.75,-149.2833,24.93,84,100,8.19,PF,1691542931
246,an nuhud,12.7,28.4333,25.03,75,67,7.84,SD,1691543318
247,villa gesell,-37.2639,-56.973,8.36,90,22,5.03,AR,1691543318
248,qom,34.6401,50.8764,26.31,44,7,2.4,IR,1691543318
249,cape canaveral,28.4058,-80.6048,32.04,80,0,5.14,US,1691543318
250,terrace,54.5163,-128.6035,17.9,92,100,1.38,CA,1691543318
251,puerto deseado,-47.7503,-65.8938,9.86,51,100,8.34,AR,1691542907
252,wuxue,29.8506,115.5525,28.43,77,67,1.09,CN,1691543319
253,jamestown,42.097,-79.2353,20.57,77,0,7.2,US,1691542842
254,yung shue wan,22.2333,114.1167,31.56,76,64,0.45,HK,1691543319
255,kalodzishchy,53.944,27.7823,6.73,100,0,1.0,BY,1691543319
256,borogontsy,62.6683,131.1683,20.85,45,10,1.82,RU,1691543319
257,malango,-2.9627,119.9001,23.11,79,65,0.6,ID,1691543319
258,yarmouth,41.7057,-70.2286,23.31,87,0,6.69,US,1691543319
259,mugia,43.1041,-9.2179,18.84,87,0,4.7,ES,1691543320
260,richfield,44.8833,-93.283,26.66,52,0,3.09,US,1691543320
261,sisimiut,66.9395,-53.6735,6.79,69,13,1.55,GL,1691542953
262,krasnokamensk,50.0979,118.0369,19.55,57,6,2.15,RU,1691543320
263,jabor,5.921,169.6434,27.86,74,100,2.82,MH,1691543320
264,nzega,-2.479,29.5564,15.35,59,87,1.35,RW,1691543320
265,phan rang-thap cham,11.5667,108.9833,31.52,53,9,2.12,VN,1691543321
266,fagersta,60.0042,15.7932,11.66,91,100,6.14,SE,1691543321
267,bocas del toro,9.3333,-82.25,22.78,83,100,1.97,PA,1691543321
268,woolgoolga,-30.1106,153.2007,17.93,59,0,4.07,AU,1691543321
269,ust-nera,64.5667,143.2,17.71,51,87,1.27,RU,1691542879
270,bela,25.9333,81.9833,27.44,80,100,2.79,IN,1691543321
271,manokwari,-0.8667,134.0833,27.91,72,28,1.55,ID,1691542921
272,orkney,-26.9802,26.6727,8.57,28,32,1.74,ZA,1691543321
273,pumiao,22.75,108.4833,27.96,86,91,3.21,CN,1691543322
274,oranjemund,-28.55,16.4333,11.93,93,4,4.51,NA,1691543117
275,soria,41.6667,-2.6667,18.81,66,0,1.58,ES,1691543322
276,as sulayyil,20.4607,45.5779,31.74,11,9,1.21,SA,1691543322
277,san pedro pochutla,15.7333,-96.4667,30.4,82,1,1.56,MX,1691543322
278,hengyang,26.8881,112.615,26.8,93,100,0.28,CN,1691543322
279,yuzhno-kurilsk,44.0306,145.8556,19.4,99,100,5.33,RU,1691542939
280,reggane,26.7158,0.1714,37.04,15,0,8.82,DZ,1691543323
281,mil'kovo,55.6078,37.7956,19.73,82,0,2.78,RU,1691542994
282,bandon,51.7469,-8.7425,15.77,98,34,2.01,IE,1691542974
283,sitka,57.0531,-135.33,14.94,82,100,2.06,US,1691542904
284,cannonvale,-20.2833,148.7,19.66,71,98,8.32,AU,1691543323
285,harper,4.375,-7.7169,24.19,88,100,6.21,LR,1691543323
286,yeppoon,-23.1333,150.7333,20.88,68,5,6.92,AU,1691543323
287,eyl,7.9803,49.8164,24.49,73,55,10.59,SO,1691543188
288,al-hamdaniya,36.2715,43.3737,34.4,18,0,4.84,IQ,1691543324
289,dhuusamarreeb,5.535,46.3861,22.57,76,52,8.74,SO,1691542949
290,tobelo,1.7284,128.0095,28.7,66,90,3.26,ID,1691543324
291,ibarreta,-25.2144,-59.8585,16.12,78,87,2.94,AR,1691543324
292,ulaangom,49.9811,92.0667,17.06,86,100,2.17,MN,1691543324
293,sos'va,59.1766,61.8558,14.82,85,94,2.2,RU,1691543324
294,souillac,-20.5167,57.5167,21.03,72,0,4.09,MU,1691543324
295,itoman,26.1247,127.6694,29.01,86,75,4.63,JP,1691542916
296,khor,47.8861,134.9464,19.83,84,99,2.0,RU,1691543325
297,alnashi,56.1874,52.4792,14.53,94,68,2.49,RU,1691543325
298,masina,-4.3836,15.3914,23.43,61,2,2.42,CD,1691542936
299,ghat,24.9647,10.1728,32.07,25,6,3.88,LY,1691542933
300,saldanha,-33.0117,17.9442,9.03,83,0,4.81,ZA,1691542938
301,paulden,34.8856,-112.4682,32.82,32,4,4.92,US,1691543325
302,cruzeiro do sul,-29.5128,-51.9853,17.27,74,100,1.58,BR,1691543325
303,howard springs,-12.497,131.047,27.12,39,78,5.54,AU,1691542971
304,colonia,50.9333,6.95,16.14,89,100,3.09,DE,1691542759
305,qaqortoq,60.7167,-46.0333,4.75,90,28,1.35,GL,1691542941
306,lata,40.1629,-8.3327,21.07,86,0,0.71,PT,1691543326
307,bei'an,24.5399,109.533,28.03,82,31,1.39,CN,1691543326
308,gaspe,48.8334,-64.4819,17.12,100,100,4.63,CA,1691543326
309,tabas,33.5959,56.9244,29.86,21,85,1.79,IR,1691542953
310,kenitra,34.261,-6.5802,24.42,91,76,1.05,MA,1691543326
311,nagqu,31.5,92.0,8.11,73,7,1.74,CN,1691542973
312,ust-tsilma,65.441,52.1498,9.9,78,21,0.58,RU,1691543327
313,al mindak,20.1588,41.2834,22.38,20,13,1.45,SA,1691543327
314,lospalos,-8.5186,127.0025,24.12,66,100,3.86,TL,1691543327
315,stuttgart,48.7823,9.177,16.78,77,40,1.54,DE,1691543204
316,saudarkrokur,65.7461,-19.6394,7.31,74,12,3.33,IS,1691542897
317,la paz,-16.5,-68.15,9.76,71,20,3.09,BO,1691543141
318,beaumont,30.0861,-94.1019,32.91,65,0,4.63,US,1691543328
319,maba,24.6841,113.5984,31.36,66,45,1.49,CN,1691543144
320,barra de santo antonio,-9.4047,-35.5072,22.6,83,78,3.5,BR,1691543219
321,tsevie,6.4261,1.2133,23.53,89,84,3.46,TG,1691543329
322,sovetskaya gavan',48.9723,140.2878,15.35,93,100,1.02,RU,1691543329
323,manaure,11.7751,-72.4445,29.84,70,42,6.43,CO,1691543329
324,al kharijah,25.4514,30.5464,32.02,28,0,6.11,EG,1691543329
325,jean-rabel,19.8533,-73.1917,29.06,74,20,5.04,HT,1691543329
326,berbera,10.4396,45.0143,33.08,36,97,13.39,SO,1691543330
327,bahia de kino,28.8333,-111.9333,39.4,46,3,5.44,MX,1691543330
328,tyukhtet,56.5389,89.3011,16.47,78,36,1.27,RU,1691543330
329,hami,42.8,93.45,30.04,30,100,4.55,CN,1691543330
330,saint-pierre,-21.3393,55.4781,19.82,64,0,3.6,RE,1691543330
331,heroica guaymas,27.9333,-110.9,39.14,47,0,7.72,MX,1691543330
332,palembang,-2.9167,104.7458,26.05,89,20,2.06,ID,1691543181
333,tura,25.5198,90.2201,23.64,97,100,2.15,IN,1691542941
334,brisas de zicatela,15.8369,-97.0419,30.29,58,40,2.06,MX,1691543331
335,tarancon,40.0085,-3.0073,25.29,43,0,3.48,ES,1691543331
336,constitucion,-35.3333,-72.4167,12.4,68,100,1.55,CL,1691543156
337,banfora,10.6333,-4.7667,22.72,92,100,1.34,BF,1691543331
338,sungai penuh,-2.0833,101.3833,20.15,89,47,0.98,ID,1691543290
339,beroroha,-21.6667,45.1667,16.84,74,21,1.16,MG,1691543331
340,taulaga,-11.0553,-171.0883,27.78,78,34,5.52,AS,1691543331
341,okhotsk,59.3833,143.3,17.64,47,0,0.81,RU,1691542957
342,veraval,20.9,70.3667,26.8,86,100,7.65,IN,1691543332
343,acapulco de juarez,16.8634,-99.8901,29.45,83,12,4.14,MX,1691542789
344,tosontsengel,48.7567,98.2839,17.14,70,100,1.8,MN,1691543270
345,al fqih ben calah,32.5009,-6.6906,32.53,24,72,3.01,MA,1691543332
346,rakops,-21.0167,24.3333,12.2,36,1,3.49,BW,1691543332
347,jasper,37.2001,-94.3502,29.45,60,20,3.6,US,1691543207
348,antofagasta,-23.65,-70.4,16.6,76,46,2.6,CL,1691543127
349,papao,-17.75,-149.55,25.82,84,100,8.14,PF,1691542962
350,kavieng,-2.5744,150.7967,28.15,77,83,5.3,PG,1691543333
351,gornopravdinsk,60.05,69.9,15.99,84,100,2.36,RU,1691543333
352,lazaro cardenas,17.9583,-102.2,29.98,80,14,4.32,MX,1691542920
353,santana,-0.0583,-51.1817,27.1,100,40,4.12,BR,1691543333
354,pangoa,-12.1167,-73.0,22.26,80,59,1.14,PE,1691543333
355,tolanaro,-25.0319,46.9987,19.04,94,40,3.09,MG,1691542953
356,paracuru,-3.41,-39.0306,27.28,83,85,5.81,BR,1691543334
357,setakamachi-takayanagi,33.15,130.4667,30.59,70,100,7.8,JP,1691543334
358,santiago del torno,-17.9833,-63.3833,20.1,55,0,1.6,BO,1691543334
359,nogliki,51.8333,143.1667,16.39,74,95,3.3,RU,1691542692
360,aleksandrovsk-sakhalinskiy,50.8975,142.1561,20.46,58,100,1.55,RU,1691543334
361,nova sintra,14.8667,-24.7167,22.75,73,6,6.41,CV,1691543334
362,aripuana,-9.1667,-60.6333,26.95,51,3,0.97,BR,1691542947
363,san jose del guaviare,2.5729,-72.6459,23.85,90,98,0.38,CO,1691542986
364,cakovec,46.3844,16.4339,11.07,72,15,1.25,HR,1691543335
365,duong dong,10.2167,103.9667,29.0,84,40,4.12,VN,1691543335
366,fortuna,40.5982,-124.1573,18.51,77,20,5.66,US,1691542950
367,kavaratti,10.5669,72.642,27.95,74,100,8.04,IN,1691542976
368,camalu,30.85,-116.0667,24.7,71,9,3.44,MX,1691543335
369,sandnessjoen,66.0217,12.6316,18.29,67,0,6.13,NO,1691542982
370,nainwa,25.7667,75.85,25.47,78,73,4.43,IN,1691543335
371,kerema,-7.9631,145.7785,25.73,71,98,2.24,PG,1691543335
372,fort st. john,56.2499,-120.8529,20.94,56,75,5.66,CA,1691543142
373,labrador city,52.9463,-66.9114,12.95,82,100,3.6,CA,1691542943
374,kiffa,16.6166,-11.4045,33.63,25,3,5.96,MR,1691543336
375,usman',52.0466,39.7288,15.02,84,0,2.3,RU,1691543336
376,chibougamau,49.9168,-74.3659,11.79,100,100,4.12,CA,1691542948
377,trinidad,-14.8333,-64.9,26.23,51,31,0.5,BO,1691543336
378,geneina,13.45,22.45,24.08,76,34,2.33,SD,1691543336
379,acarau,-2.8856,-40.12,25.78,81,100,7.34,BR,1691543140
380,sao gabriel da cachoeira,-0.1303,-67.0892,24.38,89,46,0.27,BR,1691543080
381,opuwo,-18.0607,13.84,15.18,36,5,0.78,NA,1691543337
382,toliara,-23.35,43.6667,19.17,79,2,3.15,MG,1691543337
383,la'ie,21.6477,-157.9253,30.98,68,34,3.13,US,1691543165
384,portland,45.5234,-122.6762,31.47,43,20,2.57,US,1691543134
385,lucapa,-8.4192,20.7447,19.81,39,4,1.55,AO,1691543058
386,lagunas,-5.2269,-75.6753,26.18,74,100,1.06,PE,1691543337
387,dashitou,43.3067,128.5114,21.2,81,94,1.62,CN,1691543337
388,boende,-0.2167,20.8667,21.44,96,81,0.78,CD,1691543338
389,jolo,6.05,121.0167,28.58,73,100,2.0,PH,1691543338
390,sayat,38.7839,63.8803,25.93,35,0,3.07,TM,1691543338
391,eaglehawk,-36.7333,144.25,15.32,52,100,0.89,AU,1691543338
392,millerovo,48.9226,40.3967,20.63,64,0,3.06,RU,1691543338
393,champoton,19.35,-90.7167,28.01,83,36,4.5,MX,1691543338
394,funafuti,-8.5243,179.1942,32.0,74,40,1.03,TV,1691543338
395,villa maria,-32.4075,-63.2402,7.68,78,0,2.4,AR,1691543339
396,nema,57.5067,50.5011,13.3,97,10,2.35,RU,1691543339
397,rio san juan,19.6439,-70.0763,25.09,87,65,3.46,DO,1691543339
398,canavieiras,-15.675,-38.9472,21.7,87,25,1.95,BR,1691543339
399,jilib,0.4883,42.7854,22.72,87,25,3.45,SO,1691543339
400,port moresby,-9.4431,147.1797,26.68,62,100,6.92,PG,1691543339
401,illapel,-31.6308,-71.1653,17.69,61,100,1.19,CL,1691543339
402,piripiri,-4.2733,-41.7769,26.8,40,21,2.64,BR,1691543234
403,shizuoka,34.9769,138.3831,26.84,94,75,4.12,JP,1691543137
404,nar'yan-mar,67.6713,53.087,11.02,71,28,1.59,RU,1691542930
405,punta alta,-38.8759,-62.0736,10.04,56,0,3.87,AR,1691543340
406,vlore,40.4667,19.4897,21.0,61,0,2.57,AL,1691543340
407,bodhan,18.6667,77.9,23.04,90,100,2.49,IN,1691543340
408,zaki biam,7.5167,9.6167,22.22,94,100,2.24,NG,1691543340
409,hithadhoo,-0.6,73.0833,27.32,76,57,2.72,MV,1691542785
410,ola,59.5833,151.2833,17.86,52,67,2.03,RU,1691542686
411,roberval,48.5168,-72.2324,14.25,96,100,4.42,CA,1691543341
412,happy valley-goose bay,53.3168,-60.3315,11.86,83,100,1.08,CA,1691543341
413,tarawa,1.419,172.984,30.05,70,40,2.57,KI,1691543341
414,akureyri,65.6835,-18.0878,8.96,53,0,3.6,IS,1691542659
415,xiongzhou,25.1167,114.3,30.19,71,60,1.16,CN,1691543341
416,hobyo,5.3505,48.5268,24.21,85,84,9.55,SO,1691543342
417,bechar,31.6167,-2.2167,32.44,14,96,0.93,DZ,1691543342
418,mitu,1.1983,-70.1733,22.96,92,46,0.7,CO,1691543342
419,araguaina,-7.1911,-48.2072,27.94,37,0,1.77,BR,1691543343
420,nova xavantina,-14.6667,-52.35,25.58,32,0,0.75,BR,1691543343
421,bamboo flat,11.7,92.7167,28.06,83,74,7.78,IN,1691543343
422,candido mendes,-1.4467,-45.7167,24.6,86,81,2.35,BR,1691543343
423,malabar,-33.9667,151.25,20.39,61,0,4.12,AU,1691543344
424,ayancik,41.9447,34.5861,22.61,77,0,3.71,TR,1691543344
425,cockburn town,21.4612,-71.1419,28.76,86,1,7.79,TC,1691542943
426,fale old settlement,-9.3852,-171.2468,28.09,78,35,5.46,TK,1691542958
427,ubinskoye,55.3068,79.6802,17.58,64,25,2.53,RU,1691543345
428,levuka,50.1834,-105.4011,22.85,28,75,3.09,CA,1691543345
429,salinopolis,-0.6136,-47.3561,26.25,83,77,5.37,BR,1691543054
430,mirador,-6.3708,-44.3631,26.35,46,0,1.58,BR,1691543345
431,sabang,5.8933,95.3214,28.32,76,100,6.08,ID,1691542954
432,klyuchi,52.2667,79.1667,20.06,48,65,1.37,RU,1691542910
433,ghazni,33.5536,68.4269,20.57,27,0,2.8,AF,1691543346
434,coulommiers,48.8145,3.085,18.21,75,100,2.45,FR,1691543347
435,luderitz,-26.6481,15.1594,16.2,61,0,6.47,NA,1691542884
436,senanga,-16.1167,23.2667,14.69,48,0,2.55,ZM,1691543347
437,medicine hat,50.0501,-110.6683,23.44,47,100,5.93,CA,1691543341
438,gizo,-8.103,156.8419,26.26,83,100,9.54,SB,1691542877
439,monki,53.405,22.7979,13.71,79,23,3.55,PL,1691543347
440,ukhta,63.5671,53.6835,10.93,79,30,1.83,RU,1691543347
441,panama city beach,30.1766,-85.8055,30.57,74,40,0.45,US,1691543117
442,hunchun,42.8675,130.3581,22.02,82,99,1.32,CN,1691543348
443,tsiombe,-25.3,45.4833,19.08,91,0,3.54,MG,1691542796
444,amga,60.8953,131.9608,19.8,36,55,4.54,RU,1691543187
445,angaur state,6.906,134.13,27.47,81,99,7.01,PW,1691543348
446,tarko-sale,64.9225,77.785,14.73,78,100,5.7,RU,1691543348
447,menongue,-14.6585,17.691,12.05,49,4,1.11,AO,1691543348
448,el nido,11.1858,119.3956,28.67,77,98,6.53,PH,1691543349
449,kitob,39.0843,66.8332,25.43,29,0,2.07,UZ,1691543349
450,achinsk,56.2694,90.4993,17.91,65,12,1.18,RU,1691543349
451,murghob,38.1702,73.9667,10.89,41,22,0.92,TJ,1691543349
452,mombetsu,44.3525,143.3525,24.44,82,81,1.64,JP,1691543349
453,bengkulu,-3.8004,102.2655,24.55,90,32,1.88,ID,1691542938
454,ladario,-19.0047,-57.6017,25.48,53,0,0.65,BR,1691543350
455,tukrah,32.5341,20.5791,25.8,66,0,7.29,LY,1691543350
456,alofi,-19.0595,-169.9187,26.94,89,75,4.63,NU,1691542984
457,vorkuta,67.5,64.0,9.12,69,100,3.85,RU,1691542739
458,guarapari,-20.6667,-40.4975,22.72,91,22,4.83,BR,1691543264
459,krasnokholm,51.5979,54.1567,17.13,73,0,3.2,RU,1691543350
460,arroyo,41.6096,-4.7969,25.33,39,0,0.51,ES,1691543350
461,revda,56.801,59.9303,13.79,97,0,2.15,RU,1691543351
462,tonghae,37.5439,129.1069,22.66,96,100,4.85,KR,1691543351
463,sonoita,31.85,-112.8333,35.3,30,7,6.5,MX,1691543351
464,forster,-32.1667,152.5167,17.38,63,0,0.66,AU,1691543351
465,nabire,-3.3667,135.4833,29.03,65,87,1.67,ID,1691543352
466,pala,9.3642,14.9046,21.75,96,100,1.79,TD,1691543352
467,les avirons,-21.2418,55.3394,19.03,64,0,3.6,RE,1691543352
468,codrington,-38.2667,141.9667,13.41,65,0,8.79,AU,1691542944
469,lake park,26.8003,-80.0664,30.01,80,75,2.57,US,1691543352
470,celestun,20.8667,-90.4,27.52,86,94,6.16,MX,1691542909
471,cobija,-11.0267,-68.7692,26.86,47,16,0.65,BO,1691543352
472,yengema,8.7167,-11.1667,21.18,100,100,0.72,SL,1691543353
473,sinazongwe,-17.2614,27.4618,18.31,51,0,0.73,ZM,1691543353
474,napoleon,41.3923,-84.1252,22.91,73,78,3.62,US,1691543353
475,kavalerovo,44.2661,135.0572,17.6,96,100,0.86,RU,1691543353
476,mount pearl,47.5166,-52.7813,13.25,89,100,3.6,CA,1691543353
477,pangody,65.85,74.4859,7.69,83,100,8.92,RU,1691543354
478,laguna,38.421,-121.4238,34.62,43,0,5.66,US,1691542983
479,mangai,-4.05,19.5333,22.56,80,91,1.05,CD,1691543354
480,xilin hot,43.9667,116.0333,20.57,60,4,4.02,CN,1691543354
481,esikhaleni,-28.871,31.8996,19.31,75,78,7.31,ZA,1691543354
482,lodja,-3.4833,23.4333,20.45,96,95,1.01,CD,1691542881
483,el granada,37.5027,-122.4694,27.25,79,100,7.2,US,1691542987
484,zag,46.9441,99.165,15.61,76,100,0.73,MN,1691542955
485,cole harbour,44.6724,-63.4751,19.97,93,100,8.23,CA,1691542644
486,khanu woralaksaburi,16.0617,99.8606,28.78,85,100,0.59,TH,1691543355
487,magnolia,33.2671,-93.2393,23.83,74,100,2.47,US,1691543140
488,escanaba,45.7453,-87.0646,22.17,78,0,0.0,US,1691543296
489,lensk,60.7253,114.9278,22.84,67,69,1.79,RU,1691543355
490,malyye derbety,47.9547,44.6808,27.04,52,0,3.65,RU,1691543355
491,effingham,32.3669,-81.3332,27.25,87,99,3.91,US,1691543229
492,kanggye,40.9695,126.5852,28.95,61,0,1.35,KP,1691543356
493,dudinka,69.4058,86.1778,18.68,57,94,0.74,RU,1691542974
494,colonia menno,-22.3667,-59.8167,24.32,57,100,4.95,PY,1691543356
495,paradip garh,20.3167,86.6167,27.77,73,100,3.54,IN,1691543221
496,colonel hill,22.7667,-74.2167,29.44,77,12,6.98,BS,1691543356
497,mahajanga,-15.7167,46.3167,21.22,78,0,4.23,MG,1691543341
498,pacific grove,36.6177,-121.9166,21.33,80,60,2.68,US,1691542907
499,caibarien,22.5206,-79.4669,30.62,83,3,6.62,CU,1691543357
500,kudahuvadhoo,2.6708,72.8944,27.2,75,96,2.48,MV,1691543178
501,mariehamn,60.0973,19.9348,14.92,82,0,8.75,AX,1691542989
502,scarborough,54.2797,-0.4044,12.03,82,100,1.34,GB,1691543357
503,skelleftea,64.7507,20.9528,15.2,100,0,4.12,SE,1691543357
504,petrosino,37.7077,12.4999,22.14,70,0,0.93,IT,1691543358
505,jogeva,58.7467,26.3939,12.16,97,0,2.0,EE,1691543358
506,nuuk,64.1835,-51.7216,4.93,93,91,2.68,GL,1691542705
507,oguta,5.7089,6.8103,22.74,95,100,1.38,NG,1691543358
508,taltal,-25.4,-70.4833,17.37,68,7,2.28,CL,1691543358
509,farasan,16.7022,42.1183,31.33,70,34,4.7,SA,1691543359
510,uglich,57.5275,38.3317,18.24,96,64,0.92,RU,1691543359
511,illizi,26.4833,8.4667,32.42,22,31,6.02,DZ,1691543359
512,porto novo,6.4965,2.6036,24.11,90,85,3.24,BJ,1691542964
513,newman,37.3138,-121.0208,35.16,44,0,1.34,US,1691542909
514,taupo,-38.6833,176.0833,9.28,53,91,4.02,NZ,1691543359
515,kailua-kona,19.6406,-155.9956,29.57,78,6,2.68,US,1691542952
516,nahiyat al fuhud,30.9697,46.7228,35.71,14,0,5.0,IQ,1691543360
517,abepura,-2.6333,140.5833,30.45,51,20,1.54,ID,1691543360
518,katsuren-haebaru,26.3369,127.8719,29.01,89,75,7.2,JP,1691543189
519,koysinceq,36.0821,44.6278,31.97,25,0,5.34,IQ,1691543360
520,thunder bay,48.4001,-89.3168,20.99,73,100,4.12,CA,1691542825
521,zeytinburnu,40.9944,28.9042,22.51,68,40,7.72,TR,1691543360
522,kitimat,54.0524,-128.6534,18.16,28,100,2.68,CA,1691543360
523,krasnyy chikoy,50.3643,108.7512,16.94,92,100,1.65,RU,1691543360
524,kalmunai,7.4167,81.8167,26.65,75,100,1.68,LK,1691543361
525,fortaleza,-3.7227,-38.5247,27.34,78,40,6.69,BR,1691543121
526,noumea,-22.2763,166.4572,22.99,52,18,3.57,NC,1691543324
527,zambrow,52.9855,22.2432,11.05,76,36,3.51,PL,1691543361
528,havre,49.5833,0.3333,16.78,94,100,6.69,FR,1691542970
529,khurja,28.25,77.85,27.45,76,100,3.47,IN,1691543361
530,igrim,63.1906,64.4162,13.84,80,100,2.82,RU,1691543361
531,mangrol,21.1167,70.1167,26.89,84,100,7.78,IN,1691543362
532,nizhneangarsk,55.7833,109.55,17.63,62,100,1.1,RU,1691543362
533,labytnangi,66.6572,66.4183,12.93,70,100,1.36,RU,1691543362
534,natal,-5.795,-35.2094,24.36,88,40,3.09,BR,1691543305
535,olyokminsk,60.3736,120.4264,23.66,48,100,2.73,RU,1691543362
536,arno,60.1167,18.6333,14.32,74,0,8.45,SE,1691542937
537,chandia,23.65,80.7,23.59,87,72,2.9,IN,1691543362
538,leeds,53.7964,-1.5477,12.96,84,0,4.12,GB,1691543363
539,queenstown,-31.8976,26.8753,10.36,77,100,2.42,ZA,1691542867
540,severo-yeniseyskiy,60.3725,93.0408,13.9,87,6,1.6,RU,1691543363
541,vila velha,-20.3297,-40.2925,22.97,89,40,6.69,BR,1691542943
542,santa cruz de yojoa,14.9833,-87.9,23.0,96,100,1.09,HN,1691543363
543,kisangani,0.5167,25.2,21.06,99,55,0.1,CD,1691543100
544,visby,57.6409,18.296,12.81,87,20,4.63,SE,1691543363
545,palmer,42.1584,-72.3287,21.78,81,75,4.12,US,1691543364
546,trairi,-3.2778,-39.2689,25.67,83,100,5.7,BR,1691542947
547,crane,31.3974,-102.3501,37.59,22,15,7.16,US,1691542883
548,dompu,-8.5356,118.4622,26.96,63,17,2.4,ID,1691543364
549,vicam,27.6333,-110.2833,36.85,35,5,6.13,MX,1691543364
550,qarazhal,48.0078,70.7903,22.49,53,20,2.2,KZ,1691543279
551,ende,-8.8432,121.6623,27.35,52,39,1.38,ID,1691543364
552,zaraza,9.3503,-65.3245,25.2,90,6,1.29,VE,1691543364
553,abqaiq,25.9371,49.6776,32.69,27,0,3.32,SA,1691543365
554,north bondi,-33.8824,151.2769,20.49,63,0,4.12,AU,1691543365
555,aldinga beach,-35.2793,138.4604,18.75,53,11,8.84,AU,1691543365
556,anton lizardo,19.05,-95.9833,30.12,81,0,4.23,MX,1691543365
557,ad dabbah,18.05,30.95,34.76,35,6,4.79,SD,1691543366
558,prokop'yevsk,53.9059,86.719,15.43,82,100,0.98,RU,1691543366
559,prince rupert,54.3161,-130.3201,15.05,94,100,3.6,CA,1691542872
560,odienne,9.51,-7.5692,21.78,96,100,1.32,CI,1691543366
561,kourou,5.1552,-52.6478,27.03,85,71,3.7,GF,1691542817
562,klaksvik,62.2266,-6.589,8.51,85,91,14.84,FO,1691542896
563,aktobe,50.2797,57.2072,16.05,88,0,2.0,KZ,1691543367
564,tralee,52.2704,-9.7026,15.81,98,98,2.16,IE,1691542986
565,waltershausen,50.9,10.5667,13.8,93,100,3.79,DE,1691543367
